mae,mse,rmse,Experimentation
0.7137878787878793,0.7864267676767674,0.8868070633890821,KNN Regressor
0.6963248280856974,0.8328848163481157,0.9126252332409595,SVM Regressor
