mae,mse,rmse,Experimentation
0.5143884892086331,0.48940847322142295,0.699577353279409,KNN Regressor
