,mae,rmse,sd,p50,p75,p90,p95,min,max
0,2.280961768457821,2.596928747382222,1.2435461470650115,2.0,2.8601903185755946,4.0,4.384938599418561,0.025194615251951546,7.618185992542784
