,nan_filler,mae,rmse,sd,p50,p75,p90,p95,min,max
0,-92.0,0.2437842948093954,0.6418415070074427,0.594166703973386,1.7763568394002505e-15,0.29174352907721446,0.7734414250281122,1.291684268902411,0.0,5.219977856886497
1,-92.09199999999998,0.24273940249305861,0.6416091659717248,0.594343788890337,1.7763568394002505e-15,0.27889817321723864,0.7736421443286288,1.287057278924877,0.0,5.220980641003716
2,-92.92,0.2420697841396984,0.6302889630614408,0.5823666352447229,1.7798229048217483e-15,0.3047222412598418,0.7569688207849552,1.2509976061197758,0.0,5.229685303629326
3,-101.2,0.33075625713793005,0.7423952868559229,0.6651188135031325,3.552713678800501e-15,0.3776077925700607,1.0651124631480786,1.5879555885319292,0.0,5.305495079412863
4,-138.0,0.6087033023830167,1.1063836614872709,0.9245464938251269,0.29943212729472,0.8321919289703454,1.6626297131574956,2.294339222044755,0.0,7.5385157809990595
